Workbook

Sheet Sheet1
A1: loan_id | B1: customer_id | C1: full_name | D1: gender | E1: marital_status | F1: employment_status | G1: annual_income | H1: city | I1: state | J1: loan_amount | K1: intrest_rate | L1: loan_terms_month | M1: loan_type | N1: colletral_type | O1: prob_default | P1: risk_band | Q1: prediction_date | R1: Interest Rate Change (%) | S1: Scenario Interest Rate (%) | T1: Base EMI | U1: Scenario EMI | V1: EMI Difference | W1: Change in Total Interest | X1: EMI to Income (%) | Y1: Stress Flag
A2: 1 | B2: 1 | C2: Rohan Sharma | D2: Male | E2: Single | F2: Employed | G2: 600000 | H2: Mumbai | I2: Maharashtra | J2: 300000 | K2: 14.5 | L2: 36 | M2: Personal | N2: None | O2: 0.3267 | P2: High | Q2: 45986.49 | R2: =Dashboard!$E$14 -> 0.02 | S2: =K2 * (1 + $R2) -> 14.79 | T2: =PMT(K2/12/100, L2, -J2) -> 10326.293 | U2: =PMT(S2/12/100, L2, -J2) -> 10368.774 | V2: =U2 - T2 -> 42.480458 | W2: =(U2 * L2 - J2) - (T2 * L2 - J2) -> 1529.2965 | X2: =IFERROR((T2*12)/G2, 0) -> 0.20652586 | Y2: =IF(X2>0.45,"Stressed",IF(X2>0.35,"Caution","Normal")) -> Normal
A3: 4 | B3: 1 | C3: Rohan Sharma | D3: Male | E3: Single | F3: Employed | G3: 600000 | H3: Mumbai | I3: Maharashtra | J3: 200000 | K3: 16.5 | L3: 24 | M3: Personal | N3: None | O3: 0.7251 | P3: Very High | Q3: 45986.49 | R3: =Dashboard!$E$14 -> 0.02 | S3: =K3 * (1 + $R3) -> 16.83 | T3: =PMT(K3/12/100, L3, -J3) -> 9840.4703 | U3: =PMT(S3/12/100, L3, -J3) -> 9872.1237 | V3: =U3 - T3 -> 31.653416 | W3: =(U3 * L3 - J3) - (T3 * L3 - J3) -> 759.68197 | X3: =IFERROR((T3*12)/G3, 0) -> 0.19680941 | Y3: =IF(X3>0.45,"Stressed",IF(X3>0.35,"Caution","Normal")) -> Normal
A4: 2 | B4: 2 | C4: Priya Verma | D4: Female | E4: Married | F4: Business | G4: 1200000 | H4: Delhi | I4: Delhi | J4: 2500000 | K4: 9.25 | L4: 240 | M4: Home | N4: House | O4: 0.0398 | P4: Low | Q4: 45986.49 | R4: =Dashboard!$E$14 -> 0.02 | S4: =K4 * (1 + $R4) -> 9.435 | T4: =PMT(K4/12/100, L4, -J4) -> 22896.671 | U4: =PMT(S4/12/100, L4, -J4) -> 23197.267 | V4: =U4 - T4 -> 300.59661 | W4: =(U4 * L4 - J4) - (T4 * L4 - J4) -> 72143.186 | X4: =IFERROR((T4*12)/G4, 0) -> 0.22896671 | Y4: =IF(X4>0.45,"Stressed",IF(X4>0.35,"Caution","Normal")) -> Normal
A5: 3 | B5: 3 | C5: Amit Singh | D5: Male | E5: Single | F5: Unemployed | G5: 200000 | H5: Lucknow | I5: Uttar Pradesh | J5: 150000 | K5: 18 | L5: 24 | M5: Personal | N5: None | O5: 0.9085 | P5: Very High | Q5: 45986.49 | R5: =Dashboard!$E$14 -> 0.02 | S5: =K5 * (1 + $R5) -> 18.36 | T5: =PMT(K5/12/100, L5, -J5) -> 7488.6153 | U5: =PMT(S5/12/100, L5, -J5) -> 7514.7329 | V5: =U5 - T5 -> 26.117613 | W5: =(U5 * L5 - J5) - (T5 * L5 - J5) -> 626.82272 | X5: =IFERROR((T5*12)/G5, 0) -> 0.44931692 | Y5: =IF(X5>0.45,"Stressed",IF(X5>0.35,"Caution","Normal")) -> Caution
A6: 6 | B6: 4 | C6: Rahul Verma | D6: Male | E6: Single | F6: Employed | G6: 480000 | H6: Pune | I6: Maharashtra | J6: 150000 | K6: 15.2 | L6: 24 | M6: Personal | N6: None | O6: 0.7473 | P6: Very High | Q6: 45986.513 | R6: =Dashboard!$E$14 -> 0.02 | S6: =K6 * (1 + $R6) -> 15.504 | T6: =PMT(K6/12/100, L6, -J6) -> 7287.2587 | U6: =PMT(S6/12/100, L6, -J6) -> 7308.9673 | V6: =U6 - T6 -> 21.708513 | W6: =(U6 * L6 - J6) - (T6 * L6 - J6) -> 521.0043 | X6: =IFERROR((T6*12)/G6, 0) -> 0.18218147 | Y6: =IF(X6>0.45,"Stressed",IF(X6>0.35,"Caution","Normal")) -> Normal
A7: 7 | B7: 5 | C7: Neha Shah | D7: Female | E7: Married | F7: Business | G7: 900000 | H7: Ahmedabad | I7: Gujarat | J7: 850000 | K7: 12.5 | L7: 36 | M7: Business | N7: Property | O7: 0.4502 | P7: High | Q7: 45986.514 | R7: =Dashboard!$E$14 -> 0.02 | S7: =K7 * (1 + $R7) -> 12.75 | T7: =PMT(K7/12/100, L7, -J7) -> 28435.582 | U7: =PMT(S7/12/100, L7, -J7) -> 28537.613 | V7: =U7 - T7 -> 102.03144 | W7: =(U7 * L7 - J7) - (T7 * L7 - J7) -> 3673.1319 | X7: =IFERROR((T7*12)/G7, 0) -> 0.37914109 | Y7: =IF(X7>0.45,"Stressed",IF(X7>0.35,"Caution","Normal")) -> Caution

Sheet PivotTable
A3: Risk Parameter | B3: Risk EMI Impact | D3: Loan Type | E3: Sum of Change in Total Interest | G3: Stress Flag | H3: Count
A4: High | B4: 72.25595 | D4: Business | E4: 3673.1319 | G4: Caution | H4: 2
A5: Low | B5: 300.59661 | D5: Home | E5: 72143.186 | G5: Normal | H5: 4
A6: Very High | B6: 26.493181 | D6: Personal | E6: 3436.8055 | G6: Grand Total | H6: 6
A7: Grand Total | B7: 87.431341 | D7: Grand Total | E7: 79253.123

Sheet Dashboard
E14: 0.02
C25: =AVERAGE(Sheet1!V:V) -> 87.431341 | F25: =SUM(Sheet1!W:W) -> 79253.123 | I25: =COUNTIF(Sheet1!Y:Y,"Stressed")/COUNTA(Sheet1!A:A) -> 0 | L25: =INDEX(PivotTable!D4:D6, MATCH(MAX(PivotTable!E4:E6),PivotTable!E4:E6,0)) -> Home
